,Customer ID,MonetaryValue,Frequency,LastInvoiceDate,Recency,Cluster,MonetaryValue per 100 pounds
7,12355.0,488.21000000000004,1,2010-05-21 11:59:00,203,0,4.8821
14,12362.0,130.0,1,2009-12-01 10:10:00,374,0,1.3
15,12366.0,500.24,1,2010-03-16 10:28:00,269,0,5.0024
16,12368.0,917.6999999999999,1,2010-03-21 15:56:00,264,0,9.177
18,12370.0,774.62,3,2010-03-25 12:10:00,260,0,7.7462
20,12373.0,763.0500000000001,2,2010-03-25 13:49:00,260,0,7.6305000000000005
24,12378.0,1407.7,1,2010-05-26 14:07:00,198,0,14.077
33,12392.0,234.75000000000003,1,2010-04-27 14:04:00,227,0,2.3475
36,12396.0,931.43,1,2010-02-03 13:22:00,310,0,9.3143
40,12403.0,591.6600000000001,1,2010-07-06 11:39:00,157,0,5.916600000000001
41,12404.0,63.24,1,2010-01-26 16:25:00,318,0,0.6324000000000001
51,12416.0,202.56,1,2010-02-21 10:19:00,292,0,2.0256
60,12426.0,762.48,1,2010-02-15 08:41:00,298,0,7.6248000000000005
68,12439.0,1158.18,2,2010-01-26 12:11:00,318,0,11.581800000000001
71,12443.0,485.31,1,2009-12-07 15:42:00,368,0,4.8531
80,12459.0,454.36,1,2010-04-13 14:53:00,241,0,4.5436000000000005
82,12466.0,56.73,1,2010-01-26 16:26:00,318,0,0.5672999999999999
86,12470.0,211.95,1,2010-01-19 11:01:00,325,0,2.1195
98,12485.0,708.1,1,2010-06-28 15:22:00,165,0,7.081
100,12487.0,285.29999999999995,1,2009-12-09 11:36:00,366,0,2.8529999999999998
104,12495.0,357.4,1,2010-03-09 10:53:00,276,0,3.574
105,12496.0,54.09,2,2010-03-29 14:06:00,256,0,0.5409
107,12499.0,393.72,1,2010-05-28 15:12:00,196,0,3.9372000000000003
109,12503.0,1126.0,1,2010-05-04 13:59:00,220,0,11.26
112,12507.0,539.25,1,2010-05-04 09:23:00,220,0,5.3925
115,12514.0,580.08,1,2010-03-08 12:18:00,277,0,5.800800000000001
122,12529.0,316.48,1,2010-06-29 13:10:00,164,0,3.1648
124,12531.0,1807.98,1,2010-01-22 14:17:00,322,0,18.0798
125,12533.0,1367.89,2,2010-03-22 10:56:00,263,0,13.6789
136,12555.0,129.23,1,2010-01-26 16:26:00,318,0,1.2923
141,12568.0,70.0,1,2010-03-05 09:15:00,280,0,0.7
142,12570.0,77.52,1,2010-01-26 17:28:00,318,0,0.7752
148,12580.0,637.2,1,2010-05-12 11:45:00,212,0,6.372000000000001
163,12606.0,21.0,1,2010-01-26 16:23:00,318,0,0.21
169,12619.0,140.14,1,2010-05-28 12:52:00,196,0,1.4013999999999998
177,12634.0,490.0,2,2010-06-22 10:05:00,171,0,4.9
179,12636.0,141.0,1,2009-12-01 09:55:00,374,0,1.41
181,12638.0,249.8,1,2010-03-10 10:30:00,275,0,2.498
196,12663.0,239.4,2,2010-03-25 09:40:00,260,0,2.394
203,12672.0,211.15,1,2010-04-23 09:57:00,231,0,2.1115
205,12675.0,958.5,2,2010-06-04 09:49:00,189,0,9.585
207,12677.0,395.1,2,2010-06-02 14:30:00,191,0,3.951
215,12692.0,110.95,1,2010-03-12 14:02:00,273,0,1.1095
218,12695.0,825.02,3,2010-06-29 16:12:00,164,0,8.2502
220,12698.0,339.75,1,2010-04-28 15:51:00,226,0,3.3975
223,12703.0,722.98,3,2010-03-16 13:22:00,269,0,7.2298
227,12711.0,1339.05,2,2010-04-07 11:59:00,247,0,13.3905
230,12717.0,277.93,1,2010-04-28 14:34:00,226,0,2.7793
238,12730.0,829.25,1,2010-07-06 12:19:00,157,0,8.2925
245,12741.0,406.07,2,2010-06-28 14:36:00,165,0,4.0607
246,12742.0,1201.52,1,2010-03-24 12:43:00,261,0,12.0152
249,12746.0,254.55,1,2010-06-17 10:41:00,176,0,2.5455
266,12773.0,124.25,1,2010-05-24 17:30:00,200,0,1.2425
267,12774.0,98.7,1,2010-06-22 10:38:00,171,0,0.987
269,12776.0,55.5,1,2010-02-10 12:11:00,303,0,0.555
273,12780.0,337.4,1,2010-04-20 09:40:00,234,0,3.3739999999999997
275,12784.0,1230.33,1,2010-06-28 13:06:00,165,0,12.3033
276,12785.0,788.45,2,2010-06-22 12:16:00,171,0,7.8845
277,12786.0,728.5,1,2010-04-09 12:12:00,245,0,7.285
283,12792.0,426.47,1,2010-06-23 10:49:00,170,0,4.2647
285,12796.0,381.0,1,2010-03-21 15:49:00,264,0,3.81
288,12799.0,219.35,1,2010-06-28 15:57:00,165,0,2.1935
298,12809.0,1266.63,2,2010-05-23 11:08:00,201,0,12.666300000000001
299,12810.0,534.99,2,2010-06-23 10:53:00,170,0,5.3499
305,12821.0,128.07999999999998,1,2010-04-07 15:14:00,247,0,1.2808
307,12825.0,518.63,2,2010-07-06 13:56:00,157,0,5.1863
309,12829.0,92.30000000000001,1,2010-06-07 15:04:00,186,0,0.9230000000000002
313,12837.0,554.31,1,2010-05-19 15:10:00,205,0,5.543099999999999
321,12846.0,15.58,1,2010-01-26 16:29:00,318,0,0.1558
323,12848.0,208.0,1,2010-02-02 12:45:00,311,0,2.08
333,12860.0,55.47,1,2010-01-15 15:22:00,329,0,0.5547
334,12861.0,68.25,1,2010-03-30 11:39:00,255,0,0.6825
342,12869.0,337.66999999999996,1,2010-01-27 12:10:00,317,0,3.3766999999999996
357,12894.0,157.35,1,2010-05-13 14:47:00,211,0,1.5735
363,12905.0,1018.42,2,2010-05-12 10:05:00,212,0,10.184199999999999
368,12911.0,1680.47,1,2010-06-06 12:13:00,187,0,16.8047
375,12920.0,323.86,3,2010-05-17 12:57:00,207,0,3.2386
379,12925.0,35.28,1,2010-04-26 10:32:00,228,0,0.3528
386,12934.0,181.65,1,2009-12-03 10:51:00,372,0,1.8165
390,12941.0,377.49,1,2009-12-15 13:12:00,360,0,3.7749
392,12943.0,496.5,2,2010-05-30 13:52:00,194,0,4.965
393,12945.0,437.16,1,2010-02-21 15:18:00,292,0,4.3716
396,12948.0,252.48000000000002,2,2009-12-09 11:46:00,366,0,2.5248000000000004
399,12953.0,498.96000000000004,1,2010-07-05 13:37:00,158,0,4.9896
400,12954.0,162.45,1,2010-03-11 10:16:00,274,0,1.6244999999999998
401,12956.0,413.82,3,2010-01-24 10:33:00,320,0,4.1382
410,12969.0,122.45,1,2010-04-16 10:50:00,238,0,1.2245
415,12974.0,264.15,1,2010-05-23 11:45:00,201,0,2.6414999999999997
420,12979.0,517.7,1,2009-12-10 15:45:00,365,0,5.1770000000000005
423,12983.0,490.08000000000004,1,2010-04-20 12:58:00,234,0,4.9008
429,12992.0,93.35000000000001,1,2009-12-14 16:46:00,361,0,0.9335000000000001
434,13000.0,497.65000000000003,1,2009-12-14 17:03:00,361,0,4.976500000000001
439,13007.0,175.25,1,2010-05-09 10:38:00,215,0,1.7525
441,13009.0,234.0,1,2010-02-05 12:22:00,308,0,2.34
450,13020.0,618.96,2,2010-05-26 11:12:00,198,0,6.1896
453,13023.0,759.13,1,2010-06-29 09:52:00,164,0,7.5913
455,13025.0,323.39,1,2009-12-08 10:02:00,367,0,3.2338999999999998
465,13036.0,307.1,1,2010-01-24 11:35:00,320,0,3.071
467,13039.0,1010.73,4,2010-05-04 16:45:00,220,0,10.1073
469,13042.0,1556.54,3,2010-04-20 13:43:00,234,0,15.5654
477,13051.0,155.8,2,2010-05-10 09:14:00,214,0,1.558
479,13053.0,127.65,1,2010-03-28 11:28:00,257,0,1.2765
481,13056.0,209.48,1,2010-06-06 14:10:00,187,0,2.0947999999999998
482,13057.0,722.09,3,2010-06-27 15:44:00,166,0,7.2209
485,13064.0,561.25,2,2010-06-07 16:28:00,186,0,5.6125
490,13071.0,129.22,1,2010-04-06 13:37:00,248,0,1.2922
504,13087.0,313.64,1,2009-12-13 15:16:00,362,0,3.1364
508,13091.0,1976.0,2,2009-12-10 12:44:00,365,0,19.76
522,13109.0,347.49,1,2010-06-06 12:59:00,187,0,3.4749
524,13111.0,321.88000000000005,1,2009-12-21 09:00:00,354,0,3.2188000000000003
525,13112.0,20.6,1,2010-06-16 17:03:00,177,0,0.20600000000000002
527,13114.0,234.38,1,2009-12-09 09:56:00,366,0,2.3438
531,13119.0,134.9,1,2010-02-09 08:38:00,304,0,1.349
534,13125.0,158.57,1,2010-07-04 11:58:00,159,0,1.5856999999999999
536,13128.0,263.5,1,2010-03-18 15:08:00,267,0,2.635
548,13143.0,405.1,1,2010-05-04 12:22:00,220,0,4.051
553,13151.0,1322.8700000000001,2,2010-03-24 09:31:00,261,0,13.228700000000002
562,13163.0,17.65,1,2010-04-08 16:21:00,246,0,0.1765
563,13164.0,372.2,2,2010-05-19 13:52:00,205,0,3.722
567,13168.0,556.12,1,2010-06-15 15:00:00,178,0,5.5612
568,13169.0,127.2,1,2010-05-26 15:58:00,198,0,1.272
572,13175.0,831.45,2,2010-05-06 13:13:00,218,0,8.3145
575,13179.0,572.3100000000001,1,2010-03-31 11:40:00,254,0,5.7231000000000005
576,13180.0,86.10000000000001,1,2010-04-11 13:37:00,243,0,0.8610000000000001
579,13187.0,130.99,3,2010-03-25 19:06:00,260,0,1.3099
580,13190.0,570.66,3,2010-06-13 15:47:00,180,0,5.7066
581,13191.0,164.69,1,2010-02-19 17:02:00,294,0,1.6469
586,13197.0,373.01000000000005,1,2010-04-09 09:14:00,245,0,3.7301000000000006
592,13204.0,966.6600000000001,1,2009-12-08 14:56:00,367,0,9.6666
602,13217.0,132.5,1,2010-02-22 12:49:00,291,0,1.325
603,13219.0,76.23,1,2010-03-31 14:18:00,254,0,0.7623000000000001
604,13220.0,516.8,1,2010-05-13 10:35:00,211,0,5.167999999999999
605,13222.0,88.5,1,2010-05-11 13:54:00,213,0,0.885
611,13234.0,356.95,2,2010-02-05 11:41:00,308,0,3.5694999999999997
646,13283.0,279.7,2,2010-05-21 13:56:00,203,0,2.7969999999999997
647,13285.0,655.47,2,2010-04-18 13:38:00,236,0,6.5547
648,13286.0,734.91,1,2010-04-18 15:35:00,236,0,7.3491
649,13287.0,781.59,3,2010-04-15 15:26:00,239,0,7.8159
651,13289.0,307.95,1,2009-12-16 11:53:00,359,0,3.0795
656,13294.0,815.79,1,2010-03-03 12:54:00,282,0,8.1579
662,13302.0,95.45,1,2010-07-01 12:32:00,162,0,0.9545
668,13308.0,284.86,1,2010-04-22 09:22:00,232,0,2.8486000000000002
673,13315.0,310.26,1,2010-01-19 15:34:00,325,0,3.1026
686,13337.0,1575.26,1,2010-06-11 13:27:00,182,0,15.7526
708,13383.0,305.28000000000003,1,2010-06-14 11:45:00,179,0,3.0528000000000004
712,13388.0,508.55,1,2010-04-15 10:18:00,239,0,5.0855
713,13392.0,91.14,1,2010-01-31 13:34:00,313,0,0.9114
714,13393.0,1131.45,4,2010-05-05 09:34:00,219,0,11.3145
720,13400.0,310.83,1,2010-05-06 09:00:00,218,0,3.1083
728,13412.0,487.34999999999997,1,2010-03-29 16:28:00,256,0,4.8735
729,13413.0,429.44,6,2010-03-10 12:17:00,275,0,4.2943999999999996
732,13416.0,228.3,1,2009-12-03 13:02:00,372,0,2.283
743,13432.0,439.1,2,2010-05-17 13:18:00,207,0,4.391
747,13438.0,46.5,1,2010-06-10 18:46:00,183,0,0.465
751,13442.0,419.87,3,2010-02-10 14:03:00,303,0,4.1987
754,13445.0,241.89999999999998,1,2010-03-23 15:34:00,262,0,2.4189999999999996
761,13454.0,219.87,1,2010-03-08 14:40:00,277,0,2.1987
763,13457.0,148.22,2,2010-01-20 08:48:00,324,0,1.4822
765,13459.0,1160.4099999999999,2,2010-03-25 10:24:00,260,0,11.604099999999999
772,13469.0,82.4,1,2010-02-24 15:03:00,289,0,0.8240000000000001
782,13482.0,151.45,1,2010-03-22 10:31:00,263,0,1.5145
787,13490.0,154.25,1,2010-02-23 14:48:00,290,0,1.5425
791,13498.0,327.38,1,2009-12-09 15:26:00,366,0,3.2738
797,13508.0,176.07999999999998,1,2010-03-07 11:58:00,278,0,1.7608
800,13511.0,282.76,1,2010-02-01 12:10:00,312,0,2.8276
809,13526.0,1182.0,2,2009-12-01 13:13:00,374,0,11.82
811,13530.0,402.97999999999996,1,2010-03-15 14:10:00,270,0,4.0298
821,13543.0,1439.6100000000001,2,2010-03-15 13:34:00,270,0,14.3961
829,13551.0,152.39999999999998,1,2010-02-11 15:01:00,302,0,1.5239999999999998
831,13553.0,517.8,1,2010-02-03 12:21:00,310,0,5.178
854,13583.0,664.001,1,2010-01-29 13:53:00,315,0,6.64001
856,13585.0,684.54,3,2010-06-27 12:33:00,166,0,6.8454
857,13586.0,131.53,1,2010-06-16 13:47:00,177,0,1.3153
868,13600.0,298.9,1,2010-03-15 17:16:00,270,0,2.989
871,13604.0,717.62,1,2010-02-19 12:02:00,294,0,7.1762
874,13608.0,236.2,1,2010-06-17 12:28:00,176,0,2.362
875,13609.0,167.35,1,2010-04-25 13:26:00,229,0,1.6735
878,13612.0,818.29,1,2010-03-17 12:14:00,268,0,8.1829
882,13616.0,288.1,2,2010-05-20 12:59:00,204,0,2.8810000000000002
884,13619.0,231.69,2,2010-06-13 11:39:00,180,0,2.3169
885,13620.0,112.34,1,2010-06-29 15:02:00,164,0,1.1234
886,13622.0,658.95,1,2010-01-12 13:22:00,332,0,6.5895
889,13625.0,301.26,1,2010-04-22 10:50:00,232,0,3.0126
892,13628.0,310.14,1,2010-02-01 14:44:00,312,0,3.1014
898,13640.0,405.0,1,2010-04-07 15:33:00,247,0,4.05
899,13641.0,1016.47,5,2010-03-09 07:37:00,276,0,10.1647
916,13661.0,325.24,1,2010-04-15 14:58:00,239,0,3.2524
924,13672.0,233.53000000000003,1,2009-12-09 11:40:00,366,0,2.3353
926,13676.0,243.9,2,2010-06-18 17:30:00,175,0,2.439
934,13688.0,375.5,1,2010-03-14 14:11:00,271,0,3.755
940,13695.0,266.6,1,2010-05-11 11:07:00,213,0,2.6660000000000004
942,13698.0,465.53000000000003,2,2010-04-22 11:52:00,232,0,4.6553
943,13699.0,455.57,1,2010-06-07 13:03:00,186,0,4.5557
949,13706.0,300.38,1,2010-03-23 09:18:00,262,0,3.0038
954,13712.0,537.58,1,2010-04-08 11:16:00,246,0,5.375800000000001
963,13724.0,213.01,1,2010-03-12 15:28:00,273,0,2.1301
964,13727.0,746.57,6,2010-04-07 12:14:00,247,0,7.465700000000001
972,13739.0,75.3,1,2010-06-30 10:25:00,163,0,0.753
974,13745.0,477.32,1,2010-06-11 17:19:00,182,0,4.7732
979,13752.0,404.45000000000005,1,2010-06-30 10:23:00,163,0,4.0445
980,13753.0,1353.31,3,2010-04-20 14:08:00,234,0,13.5331
983,13757.0,195.55,1,2010-02-03 12:37:00,310,0,1.9555
990,13765.0,352.821,1,2010-02-24 13:46:00,289,0,3.52821
993,13768.0,875.97,2,2009-12-13 10:41:00,362,0,8.7597
999,13775.0,1049.66,1,2010-04-28 12:15:00,226,0,10.4966
1005,13781.0,650.99,2,2010-04-26 14:30:00,228,0,6.5099
1015,13793.0,96.0,1,2010-03-03 08:25:00,282,0,0.96
1016,13794.0,126.03,1,2010-06-11 12:30:00,182,0,1.2603
1029,13814.0,678.2,1,2010-06-30 14:12:00,163,0,6.782
1032,13819.0,1502.0,3,2010-02-08 15:30:00,305,0,15.02
1037,13825.0,255.59,2,2010-03-28 11:02:00,257,0,2.5559
1039,13830.0,156.85000000000002,1,2010-05-07 12:24:00,217,0,1.5685000000000002
1043,13834.0,324.19,2,2010-05-12 10:27:00,212,0,3.2419
1052,13847.0,310.72,1,2009-12-20 10:41:00,355,0,3.1072
1056,13852.0,187.35000000000002,1,2010-04-08 09:06:00,246,0,1.8735000000000002
1061,13859.0,314.7,1,2010-06-28 15:36:00,165,0,3.147
1075,13879.0,395.5,1,2010-03-04 10:49:00,281,0,3.955
1086,13896.0,388.55,1,2010-03-24 08:55:00,261,0,3.8855
1093,13905.0,312.65,1,2009-12-07 11:41:00,368,0,3.1264999999999996
1095,13907.0,136.8,1,2010-01-17 12:22:00,327,0,1.368
1114,13942.0,320.0,1,2010-06-23 12:35:00,170,0,3.2
1115,13943.0,246.54,1,2010-05-11 11:30:00,213,0,2.4654
1116,13944.0,200.43,1,2010-02-24 15:02:00,289,0,2.0043
1137,13974.0,264.13,1,2010-05-06 17:55:00,218,0,2.6412999999999998
1160,14003.0,209.41,1,2009-12-07 08:53:00,368,0,2.0941
1166,14010.0,445.15,2,2010-05-23 13:00:00,201,0,4.451499999999999
1171,14017.0,229.75,1,2010-05-17 14:52:00,207,0,2.2975
1172,14018.0,367.15000000000003,1,2010-03-04 14:23:00,281,0,3.6715000000000004
1183,14033.0,109.44,1,2010-06-02 15:10:00,191,0,1.0944
1187,14039.0,115.08000000000001,1,2010-05-13 10:15:00,211,0,1.1508
1189,14042.0,431.98,1,2009-12-14 15:07:00,361,0,4.3198
1199,14055.0,795.3199999999999,2,2010-05-11 10:24:00,213,0,7.953199999999999
1208,14068.0,1262.52,3,2010-04-15 14:28:00,239,0,12.6252
1210,14070.0,326.55,1,2010-01-24 12:27:00,320,0,3.2655000000000003
1211,14072.0,390.85,1,2010-02-11 12:31:00,302,0,3.9085
1212,14074.0,219.39999999999998,1,2010-03-26 13:55:00,259,0,2.194
1216,14079.0,243.63,1,2010-01-26 17:19:00,318,0,2.4363
1229,14095.0,2.95,1,2009-12-17 12:49:00,358,0,0.029500000000000002
1233,14103.0,0.0,1,2010-02-12 14:58:00,301,0,0.0
1236,14106.0,214.79999999999998,1,2009-12-02 14:09:00,373,0,2.1479999999999997
1238,14108.0,447.05,2,2009-12-08 15:25:00,367,0,4.4705
1247,14123.0,436.18,1,2009-12-06 15:35:00,369,0,4.3618
1250,14128.0,286.71,1,2010-06-06 14:05:00,187,0,2.8670999999999998
1253,14131.0,187.87,1,2010-03-01 11:59:00,284,0,1.8787
1254,14133.0,305.5,1,2009-12-06 12:10:00,369,0,3.055
1258,14137.0,332.7,1,2010-01-13 12:30:00,331,0,3.327
1266,14151.0,679.45,2,2010-02-04 15:35:00,309,0,6.7945
1281,14171.0,135.0,1,2009-12-09 13:50:00,366,0,1.35
1282,14172.0,402.72,3,2010-04-13 13:26:00,241,0,4.027200000000001
1283,14173.0,135.16,2,2010-03-08 13:24:00,277,0,1.3516
1294,14190.0,79.9,1,2010-02-11 14:27:00,302,0,0.799
1303,14200.0,379.2,1,2010-04-01 13:01:00,253,0,3.792
1310,14207.0,157.8,1,2010-01-21 09:33:00,323,0,1.578
1311,14208.0,415.31,1,2010-06-06 13:11:00,187,0,4.1531
1321,14220.0,882.5999999999999,2,2010-05-21 13:29:00,203,0,8.825999999999999
1335,14238.0,287.38,2,2010-02-15 11:39:00,298,0,2.8738
1338,14241.0,120.0,1,2010-01-12 15:11:00,332,0,1.2
1340,14244.0,366.41999999999996,1,2010-02-17 11:40:00,296,0,3.6641999999999997
1347,14255.0,1000.63,1,2010-06-11 15:54:00,182,0,10.0063
1359,14272.0,482.85,2,2010-05-26 09:49:00,198,0,4.8285
1360,14274.0,256.6,1,2010-01-22 12:51:00,322,0,2.5660000000000003
1365,14279.0,191.86,2,2010-07-07 08:42:00,156,0,1.9186
1369,14284.0,704.4,1,2010-02-24 12:06:00,289,0,7.044
1387,14308.0,1147.02,2,2010-06-08 16:48:00,185,0,11.4702
1390,14311.0,206.19,1,2010-05-21 10:28:00,203,0,2.0619
1393,14315.0,716.69,2,2010-05-24 13:56:00,200,0,7.166900000000001
1397,14320.0,868.96,3,2010-06-11 12:45:00,182,0,8.6896
1401,14325.0,245.48000000000002,1,2010-05-19 09:20:00,205,0,2.4548
1406,14330.0,200.63,1,2010-03-26 09:10:00,259,0,2.0063
1409,14338.0,339.88,1,2010-06-21 10:32:00,172,0,3.3988
1416,14347.0,82.6,1,2009-12-03 10:49:00,372,0,0.826
1421,14361.0,214.70999999999998,1,2010-05-10 12:29:00,214,0,2.1471
1424,14366.0,136.0,1,2010-07-02 17:23:00,161,0,1.36
1425,14369.0,469.13,2,2010-03-07 15:47:00,278,0,4.6913
1428,14374.0,108.0,1,2010-06-16 14:25:00,177,0,1.08
1430,14376.0,215.46,1,2010-01-25 15:36:00,319,0,2.1546000000000003
1431,14378.0,131.25,1,2010-03-28 12:22:00,257,0,1.3125
1433,14380.0,48.96,1,2010-01-26 17:11:00,318,0,0.48960000000000004
1440,14391.0,135.6,1,2010-05-12 09:42:00,212,0,1.3559999999999999
1442,14394.0,93.8,1,2010-05-24 10:43:00,200,0,0.938
1449,14402.0,285.6,1,2010-02-25 13:20:00,288,0,2.8560000000000003
1450,14403.0,404.7,2,2010-04-29 08:47:00,225,0,4.047
1474,14436.0,182.64000000000001,1,2010-06-04 11:32:00,189,0,1.8264000000000002
1497,14464.0,111.0,2,2010-05-20 18:00:00,204,0,1.11
1501,14468.0,204.24,1,2009-12-06 12:21:00,369,0,2.0424
1504,14471.0,400.95,2,2010-04-27 17:12:00,227,0,4.0095
1505,14472.0,291.38,1,2010-01-19 13:09:00,325,0,2.9138
1506,14474.0,730.42,1,2010-05-09 12:12:00,215,0,7.3042
1514,14483.0,120.0,1,2009-12-03 10:16:00,372,0,1.2
1524,14495.0,51.0,1,2010-02-18 08:49:00,295,0,0.51
1526,14497.0,221.69,1,2010-02-04 09:59:00,309,0,2.2169
1533,14509.0,110.95,1,2010-06-23 13:21:00,170,0,1.1095
1539,14516.0,163.92,1,2010-07-11 14:07:00,152,0,1.6391999999999998
1540,14519.0,206.09,2,2010-01-25 11:18:00,319,0,2.0609
1542,14522.0,784.08,4,2010-04-23 10:45:00,231,0,7.840800000000001
1553,14537.0,285.84000000000003,1,2010-03-26 13:44:00,259,0,2.8584000000000005
1559,14545.0,349.25,1,2010-02-03 15:23:00,310,0,3.4925
1568,14556.0,835.34,3,2010-04-22 14:57:00,232,0,8.3534
1569,14558.0,655.5,3,2010-02-23 12:51:00,290,0,6.555
1583,14574.0,143.70000000000002,1,2009-12-07 12:42:00,368,0,1.4370000000000003
1588,14580.0,14.850000000000001,1,2010-07-09 15:20:00,154,0,0.14850000000000002
1589,14581.0,295.2,1,2010-06-13 15:48:00,180,0,2.952
1593,14588.0,135.39,1,2010-05-10 15:08:00,214,0,1.3538999999999999
1599,14596.0,229.47,1,2010-03-23 12:13:00,262,0,2.2947
1601,14598.0,162.07,1,2010-05-19 13:07:00,205,0,1.6207
1604,14602.0,205.35999999999999,1,2010-02-21 15:47:00,292,0,2.0536
1605,14604.0,143.85999999999999,1,2010-03-16 13:00:00,269,0,1.4385999999999999
1614,14613.0,76.32000000000001,1,2010-01-28 13:02:00,316,0,0.7632000000000001
1620,14619.0,896.8000000000001,1,2010-06-16 14:41:00,177,0,8.968
1632,14637.0,106.67999999999999,1,2010-01-31 15:52:00,313,0,1.0668
1635,14643.0,986.08,3,2010-04-01 08:33:00,253,0,9.860800000000001
1637,14645.0,279.8,1,2010-03-15 11:33:00,270,0,2.798
1639,14647.0,276.75,1,2010-07-04 13:27:00,159,0,2.7675
1642,14650.0,62.5,1,2010-04-29 20:27:00,224,0,0.625
1645,14654.0,246.86,1,2009-12-01 12:57:00,374,0,2.4686000000000003
1655,14670.0,190.47,1,2009-12-07 13:59:00,368,0,1.9047
1656,14671.0,1127.45,2,2010-06-08 13:39:00,185,0,11.2745
1662,14677.0,184.91,1,2010-04-26 09:48:00,228,0,1.8491
1663,14678.0,403.39,1,2010-05-09 14:32:00,215,0,4.0339
1668,14683.0,146.56,1,2010-04-30 17:18:00,224,0,1.4656
1677,14694.0,244.31,1,2010-04-01 19:46:00,253,0,2.4431
1685,14706.0,390.69,1,2010-03-31 11:09:00,254,0,3.9069
1695,14717.0,81.3,1,2009-12-06 13:05:00,369,0,0.813
1700,14724.0,345.25,1,2010-04-28 13:26:00,226,0,3.4525
1702,14726.0,124.75,1,2010-02-23 12:35:00,290,0,1.2475
1703,14727.0,199.35,2,2010-06-11 13:30:00,182,0,1.9935
1712,14738.0,507.45,2,2010-05-27 20:31:00,196,0,5.0745
1717,14743.0,50.48,1,2010-04-26 10:26:00,228,0,0.5047999999999999
1723,14750.0,112.03,1,2009-12-03 17:57:00,372,0,1.1203
1724,14751.0,126.45,2,2010-01-24 13:37:00,320,0,1.2645
1731,14762.0,117.05000000000001,1,2010-03-23 15:36:00,262,0,1.1705
1736,14771.0,594.62,2,2010-03-28 12:52:00,257,0,5.9462
1737,14773.0,140.55,1,2010-04-26 10:29:00,228,0,1.4055000000000002
1738,14774.0,241.45,1,2010-06-29 12:26:00,164,0,2.4145
1742,14783.0,307.3,1,2010-02-18 16:16:00,295,0,3.073
1744,14786.0,90.96,1,2010-06-07 13:42:00,186,0,0.9096
1746,14788.0,476.88,1,2010-04-22 18:16:00,232,0,4.7688
1748,14791.0,303.63,1,2010-04-12 10:24:00,242,0,3.0362999999999998
1749,14793.0,396.91,1,2010-06-22 16:54:00,171,0,3.9691
1754,14799.0,180.45,1,2009-12-02 11:18:00,373,0,1.8045
1760,14809.0,686.76,2,2010-03-28 15:44:00,257,0,6.8675999999999995
1763,14812.0,185.8,1,2010-04-20 12:13:00,234,0,1.858
1765,14814.0,160.46,1,2010-05-07 14:10:00,217,0,1.6046
1774,14826.0,385.2,2,2010-05-07 09:00:00,217,0,3.852
1775,14827.0,0.0,1,2010-02-12 15:47:00,301,0,0.0
1778,14831.0,1676.57,3,2010-01-28 14:31:00,316,0,16.7657
1779,14832.0,322.69,1,2010-03-19 15:14:00,266,0,3.2269
1782,14835.0,297.0,2,2010-06-29 10:08:00,164,0,2.97
1786,14840.0,299.86,1,2010-06-18 15:42:00,175,0,2.9986
1790,14845.0,150.0,1,2010-04-19 10:19:00,235,0,1.5
1796,14851.0,318.06,1,2010-03-19 11:52:00,266,0,3.1806
1803,14859.0,351.9,1,2010-06-03 10:26:00,190,0,3.5189999999999997
1813,14873.0,334.45,1,2010-03-16 10:51:00,269,0,3.3445
1814,14874.0,116.18,1,2010-06-22 14:58:00,171,0,1.1618000000000002
1816,14876.0,256.7,2,2010-07-06 14:57:00,157,0,2.5669999999999997
1819,14879.0,185.06,1,2010-01-24 11:35:00,320,0,1.8506
1821,14884.0,120.6,1,2010-02-08 12:56:00,305,0,1.206
1823,14890.0,691.6,2,2010-03-31 09:40:00,254,0,6.916
1825,14892.0,202.35000000000002,1,2010-01-18 08:58:00,326,0,2.0235000000000003
1826,14893.0,571.76,1,2010-04-01 09:03:00,253,0,5.7176
1833,14900.0,13.919999999999998,1,2010-07-05 15:09:00,158,0,0.1392
1847,14917.0,1123.75,2,2010-04-22 11:28:00,232,0,11.2375
1849,14919.0,359.35,1,2010-06-18 13:06:00,175,0,3.5935
1850,14920.0,629.4,1,2010-05-23 15:25:00,201,0,6.294
1852,14924.0,620.96,2,2010-04-08 15:40:00,246,0,6.2096
1855,14928.0,223.91000000000003,1,2010-03-22 09:14:00,263,0,2.2391
1861,14935.0,1065.12,1,2010-03-30 11:48:00,255,0,10.6512
1865,14941.0,182.1,1,2010-05-10 11:30:00,214,0,1.821
1867,14943.0,107.62,1,2010-02-14 16:04:00,299,0,1.0762
1874,14954.0,167.27,1,2010-01-05 16:38:00,339,0,1.6727
1875,14955.0,163.77,1,2009-12-07 11:35:00,368,0,1.6377000000000002
1877,14957.0,274.8,1,2010-03-05 10:50:00,280,0,2.748
1878,14958.0,458.26,3,2010-04-23 14:31:00,231,0,4.5826
1880,14962.0,240.21000000000004,3,2010-06-18 15:57:00,175,0,2.4021000000000003
1885,14969.0,906.23,1,2010-01-05 12:43:00,339,0,9.0623
1889,14977.0,31.929999999999996,1,2009-12-14 10:37:00,361,0,0.3193
1891,14979.0,439.46,1,2009-12-04 12:54:00,371,0,4.3946
1892,14980.0,150.68,1,2009-12-02 14:09:00,373,0,1.5068000000000001
1894,14982.0,237.78,1,2010-05-16 15:52:00,208,0,2.3778
1895,14983.0,183.20000000000002,1,2010-01-19 17:32:00,325,0,1.832
1900,14989.0,342.4,1,2010-02-16 10:40:00,297,0,3.424
1901,14990.0,305.42,2,2010-04-06 13:54:00,248,0,3.0542000000000002
1904,14993.0,36.13,1,2010-05-25 12:47:00,199,0,0.3613
1907,14997.0,230.4,1,2010-02-22 12:11:00,291,0,2.3040000000000003
1909,14999.0,129.48000000000002,1,2010-04-26 10:47:00,228,0,1.2948000000000002
1924,15022.0,281.05,1,2010-01-31 16:02:00,313,0,2.8105
1927,15025.0,636.08,1,2010-05-20 13:28:00,204,0,6.3608
1931,15029.0,365.1,1,2010-03-30 12:16:00,255,0,3.6510000000000002
1939,15040.0,7.49,1,2010-06-16 11:40:00,177,0,0.07490000000000001
1941,15042.0,179.52,1,2010-04-23 14:01:00,231,0,1.7952000000000001
1949,15056.0,133.45,1,2010-07-07 15:58:00,156,0,1.3344999999999998
1970,15082.0,93.35000000000001,1,2010-02-09 10:23:00,304,0,0.9335000000000001
1972,15085.0,347.54,1,2009-12-10 11:47:00,365,0,3.4754
1973,15086.0,218.53,2,2010-05-24 12:27:00,200,0,2.1853
1974,15091.0,565.9,2,2010-02-03 11:50:00,310,0,5.659
1979,15097.0,660.27,2,2010-05-05 14:33:00,219,0,6.6027
1982,15102.0,554.67,2,2010-06-27 12:16:00,166,0,5.5466999999999995
1985,15109.0,498.15000000000003,2,2010-05-09 13:44:00,215,0,4.9815000000000005
1988,15112.0,209.4,1,2010-04-07 14:17:00,247,0,2.094
1990,15115.0,191.74,1,2009-12-07 11:20:00,368,0,1.9174
1996,15126.0,449.49,2,2010-06-21 12:31:00,172,0,4.4949
1997,15127.0,304.97,1,2010-07-08 10:07:00,155,0,3.0497
2003,15135.0,166.63,1,2010-06-01 13:33:00,192,0,1.6663
2011,15149.0,1033.81,4,2010-05-12 16:04:00,212,0,10.338099999999999
2014,15152.0,518.14,1,2010-01-07 15:15:00,337,0,5.1814
2017,15157.0,718.04,2,2010-05-19 13:29:00,205,0,7.1804
2022,15162.0,312.9,1,2009-12-08 13:14:00,367,0,3.1289999999999996
2031,15176.0,988.04,1,2010-02-10 10:36:00,303,0,9.8804
2037,15183.0,639.93,3,2010-06-10 10:43:00,183,0,6.399299999999999
2040,15188.0,310.43,1,2009-12-14 13:30:00,361,0,3.1043000000000003
2056,15209.0,178.98000000000002,1,2009-12-09 17:26:00,366,0,1.7898000000000003
2061,15216.0,389.49,1,2010-03-31 09:52:00,254,0,3.8949000000000003
2062,15217.0,426.24,1,2010-05-25 13:51:00,199,0,4.2624
2064,15219.0,379.7,1,2010-03-01 11:33:00,284,0,3.7969999999999997
2067,15223.0,662.2,3,2010-04-09 11:34:00,245,0,6.622000000000001
2071,15229.0,160.5,1,2010-05-02 13:50:00,222,0,1.605
2072,15231.0,250.26,1,2010-03-28 15:12:00,257,0,2.5025999999999997
2079,15244.0,280.51,1,2010-02-11 14:48:00,302,0,2.8051
2081,15246.0,266.25,1,2010-06-02 11:28:00,191,0,2.6625
2085,15250.0,60.0,1,2010-03-09 07:35:00,276,0,0.6
2089,15254.0,787.99,2,2010-06-11 10:30:00,182,0,7.8799
2091,15256.0,71.95,1,2010-05-27 11:41:00,197,0,0.7195
2097,15264.0,454.66,1,2010-06-27 13:29:00,166,0,4.546600000000001
2098,15265.0,1839.52,2,2010-04-14 11:20:00,240,0,18.3952
2105,15273.0,228.96,1,2010-04-19 11:31:00,235,0,2.2896
2108,15278.0,496.15999999999997,4,2010-05-27 10:03:00,197,0,4.9616
2112,15282.0,348.59,1,2010-05-18 16:27:00,206,0,3.4858999999999996
2121,15293.0,247.5,1,2010-02-12 11:54:00,301,0,2.475
2123,15295.0,217.23999999999998,1,2010-02-23 13:03:00,290,0,2.1723999999999997
2128,15302.0,308.0,1,2009-12-09 13:11:00,366,0,3.08
2129,15303.0,650.16,2,2010-05-23 12:14:00,201,0,6.5016
2131,15305.0,93.6,1,2010-06-02 13:50:00,191,0,0.9359999999999999
2133,15309.0,797.96,4,2010-04-08 11:11:00,246,0,7.9796000000000005
2138,15317.0,129.75,1,2010-01-31 15:55:00,313,0,1.2975
2141,15323.0,434.6,3,2010-05-26 10:01:00,198,0,4.346
2142,15324.0,140.22000000000003,1,2010-01-07 14:37:00,337,0,1.4022000000000003
2144,15326.0,1388.81,4,2010-04-09 15:22:00,245,0,13.8881
2151,15338.0,283.43,1,2010-01-31 14:25:00,313,0,2.8343000000000003
2153,15340.0,105.5,1,2010-05-27 10:27:00,197,0,1.055
2159,15352.0,114.95,1,2010-06-09 11:28:00,184,0,1.1495
2161,15354.0,284.4,3,2010-04-15 16:24:00,239,0,2.844
2164,15359.0,181.35,8,2010-02-15 10:47:00,298,0,1.8135
2165,15361.0,270.15000000000003,3,2010-07-01 14:15:00,162,0,2.7015000000000002
2174,15371.0,59.400000000000006,1,2010-02-15 13:14:00,298,0,0.5940000000000001
2177,15374.0,139.32,1,2010-03-25 12:03:00,260,0,1.3932
2178,15375.0,60.959999999999994,1,2010-01-18 15:38:00,326,0,0.6095999999999999
2190,15391.0,289.87,1,2010-05-04 15:04:00,220,0,2.8987
2192,15393.0,659.48,3,2010-05-21 11:34:00,203,0,6.5948
2194,15396.0,508.20000000000005,1,2010-05-05 09:04:00,219,0,5.082000000000001
2200,15405.0,310.74,1,2010-05-12 15:56:00,212,0,3.1074
2202,15409.0,131.25,1,2009-12-18 15:35:00,357,0,1.3125
2203,15410.0,1234.88,2,2010-05-20 09:53:00,204,0,12.3488
2210,15423.0,223.39,2,2010-05-07 09:21:00,217,0,2.2338999999999998
2217,15432.0,149.57,1,2010-06-16 14:34:00,177,0,1.4957
2219,15437.0,193.29000000000002,1,2010-03-09 10:45:00,276,0,1.9329000000000003
2223,15445.0,171.0,1,2010-04-28 15:00:00,226,0,1.71
2225,15447.0,337.71000000000004,4,2010-06-30 13:06:00,163,0,3.3771000000000004
2226,15448.0,294.17,1,2010-02-03 13:29:00,310,0,2.9417
2229,15454.0,128.59,1,2010-03-31 13:15:00,254,0,1.2859
2230,15455.0,38.25,1,2010-04-21 12:43:00,233,0,0.3825
2240,15470.0,63.419999999999995,1,2010-05-13 09:35:00,211,0,0.6342
2243,15474.0,163.1,1,2010-04-23 11:14:00,231,0,1.631
2245,15477.0,368.4,1,2010-02-28 10:37:00,285,0,3.6839999999999997
2246,15478.0,583.56,1,2010-05-13 18:49:00,211,0,5.8355999999999995
2247,15479.0,147.4,1,2009-12-06 15:08:00,369,0,1.474
2252,15484.0,1061.69,2,2010-06-17 16:16:00,176,0,10.616900000000001
2254,15486.0,102.0,1,2010-06-30 13:15:00,163,0,1.02
2255,15487.0,231.32,1,2010-01-29 12:07:00,315,0,2.3132
2262,15496.0,146.14000000000001,1,2010-03-18 13:16:00,267,0,1.4614000000000003
2265,15499.0,161.6,1,2009-12-16 12:17:00,359,0,1.6159999999999999
2268,15503.0,120.06,1,2009-12-13 11:34:00,362,0,1.2006000000000001
2280,15524.0,151.4,1,2010-04-12 09:19:00,242,0,1.514
2286,15534.0,162.25,1,2009-12-14 12:48:00,361,0,1.6225
2295,15546.0,1079.1000000000001,2,2010-04-12 11:51:00,242,0,10.791000000000002
2297,15548.0,158.09,1,2010-04-23 12:20:00,231,0,1.5809
2301,15552.0,162.4,1,2010-03-26 16:17:00,259,0,1.624
2303,15558.0,214.13,1,2010-03-10 15:25:00,275,0,2.1412999999999998
2304,15559.0,1109.4,1,2010-05-20 14:06:00,204,0,11.094000000000001
2315,15573.0,599.73,3,2010-03-31 13:40:00,254,0,5.9973
2317,15575.0,30.1,1,2010-03-30 12:50:00,255,0,0.301
2318,15577.0,139.1,2,2009-12-16 14:54:00,359,0,1.391
2324,15586.0,1139.1,3,2010-04-26 11:00:00,228,0,11.390999999999998
2326,15588.0,579.6,1,2010-01-31 12:19:00,313,0,5.796
2328,15591.0,217.9,3,2010-05-06 09:23:00,218,0,2.1790000000000003
2331,15597.0,238.8,1,2010-05-13 13:10:00,211,0,2.388
2337,15603.0,40.0,1,2010-03-01 16:02:00,284,0,0.4
2343,15613.0,433.71999999999997,1,2010-04-08 12:51:00,246,0,4.337199999999999
2356,15630.0,295.05,1,2010-03-05 14:30:00,280,0,2.9505
2357,15631.0,596.67,1,2010-03-07 14:52:00,278,0,5.9666999999999994
2367,15642.0,105.78000000000002,1,2009-12-10 11:51:00,365,0,1.0578
2372,15650.0,553.88,2,2010-07-06 10:41:00,157,0,5.5388
2379,15662.0,283.73,2,2010-02-16 16:47:00,297,0,2.8373000000000004
2383,15670.0,152.15,1,2010-06-01 15:34:00,192,0,1.5215
2384,15672.0,45.300000000000004,1,2009-12-14 16:52:00,361,0,0.45300000000000007
2392,15682.0,318.24,2,2010-04-19 15:30:00,235,0,3.1824
2394,15684.0,173.95,3,2010-06-10 18:51:00,183,0,1.7394999999999998
2398,15689.0,266.93,1,2010-04-01 09:53:00,253,0,2.6693000000000002
2400,15693.0,37.5,1,2010-02-18 14:37:00,295,0,0.375
2402,15695.0,721.06,2,2010-04-21 10:36:00,233,0,7.2105999999999995
2404,15697.0,246.75,1,2010-01-19 09:10:00,325,0,2.4675
2405,15698.0,46.2,1,2010-03-25 17:38:00,260,0,0.462
2409,15709.0,194.6,1,2010-04-29 18:31:00,225,0,1.946
2411,15711.0,420.25,2,2010-06-01 12:14:00,192,0,4.2025
2418,15718.0,293.79,1,2010-06-17 16:20:00,176,0,2.9379000000000004
2420,15720.0,143.19,1,2010-06-07 15:40:00,186,0,1.4319
2429,15731.0,125.3,1,2010-06-04 10:10:00,189,0,1.253
2436,15742.0,156.87,1,2010-03-30 15:25:00,255,0,1.5687
2449,15765.0,370.63,1,2010-02-11 10:25:00,302,0,3.7063
2453,15770.0,321.45,1,2010-04-06 11:47:00,248,0,3.2144999999999997
2454,15771.0,1006.54,3,2010-04-14 13:56:00,240,0,10.0654
2458,15775.0,45.6,1,2010-03-18 07:32:00,267,0,0.456
2471,15794.0,777.0,2,2009-12-03 13:04:00,372,0,7.77
2474,15797.0,613.6800000000001,2,2010-05-07 15:09:00,217,0,6.136800000000001
2487,15816.0,144.14999999999998,2,2010-06-15 13:36:00,178,0,1.4414999999999998
2489,15818.0,340.5,1,2010-04-30 12:58:00,224,0,3.405
2494,15826.0,943.97,1,2010-05-20 17:00:00,204,0,9.4397
2497,15833.0,80.4,1,2009-12-02 11:59:00,373,0,0.804
2503,15845.0,714.51,3,2010-06-21 11:40:00,172,0,7.1451
2506,15848.0,139.94,1,2010-03-28 10:54:00,257,0,1.3994
2508,15851.0,109.73,1,2010-07-01 12:34:00,162,0,1.0973
2509,15852.0,96.55,1,2010-07-01 10:16:00,162,0,0.9655
2519,15863.0,289.86,3,2010-04-01 15:40:00,253,0,2.8986
2523,15868.0,94.53,1,2010-05-05 14:11:00,219,0,0.9453
2524,15869.0,174.02,1,2010-03-23 16:50:00,262,0,1.7402000000000002
2530,15875.0,111.72,1,2010-03-03 16:51:00,282,0,1.1172
2532,15878.0,330.77,2,2010-05-27 12:17:00,197,0,3.3076999999999996
2543,15892.0,128.2,1,2010-02-08 16:23:00,305,0,1.2819999999999998
2552,15905.0,114.69,1,2010-06-14 16:00:00,179,0,1.1469
2558,15913.0,6.300000000000001,1,2010-06-23 16:31:00,170,0,0.063
2562,15917.0,437.53000000000003,4,2010-04-12 15:01:00,242,0,4.3753
2563,15918.0,248.65,1,2010-03-18 11:40:00,267,0,2.4865
2569,15924.0,102.82,1,2009-12-08 15:00:00,367,0,1.0282
2570,15926.0,134.44,1,2010-06-15 15:23:00,178,0,1.3444
2571,15927.0,123.39,1,2010-03-02 13:25:00,283,0,1.2339
2572,15928.0,293.53,1,2010-02-21 15:16:00,292,0,2.9353
2573,15929.0,594.0,1,2010-03-05 14:56:00,280,0,5.94
2579,15941.0,405.0,1,2010-03-12 14:45:00,273,0,4.05
2580,15943.0,271.28999999999996,2,2010-02-28 12:49:00,285,0,2.7128999999999994
2588,15954.0,190.75,1,2010-04-29 13:35:00,225,0,1.9075
2590,15956.0,617.6,2,2010-06-06 13:06:00,187,0,6.176
2593,15959.0,579.49,3,2010-01-26 16:38:00,318,0,5.7949
2597,15964.0,272.96000000000004,1,2010-02-14 15:30:00,299,0,2.7296000000000005
2603,15970.0,703.22,1,2010-04-20 11:30:00,234,0,7.0322000000000005
2609,15979.0,329.22,1,2010-04-16 11:35:00,238,0,3.2922000000000002
2612,15982.0,324.51,1,2010-04-13 15:47:00,241,0,3.2451
2618,15988.0,612.0600000000001,2,2010-06-06 12:45:00,187,0,6.1206000000000005
2621,15991.0,150.55,1,2010-06-23 15:50:00,170,0,1.5055
2627,15999.0,20.4,1,2009-12-04 12:31:00,371,0,0.204
2629,16002.0,169.21,1,2010-03-24 13:08:00,261,0,1.6921000000000002
2648,16028.0,82.2,1,2010-04-23 11:45:00,231,0,0.8220000000000001
2653,16035.0,217.73,1,2010-05-28 15:09:00,196,0,2.1773
2655,16037.0,654.32,2,2010-06-13 11:32:00,180,0,6.543200000000001
2662,16046.0,235.78,1,2010-05-26 13:18:00,198,0,2.3578
2663,16047.0,107.14,1,2010-01-26 16:34:00,318,0,1.0714
2667,16051.0,188.44,1,2010-01-27 09:38:00,317,0,1.8844
2676,16064.0,111.0,1,2009-12-14 16:11:00,361,0,1.11
2679,16068.0,122.93,1,2010-04-25 11:52:00,229,0,1.2293
2681,16071.0,750.5600000000001,3,2010-06-30 13:41:00,163,0,7.5056
2685,16077.0,2300.4,1,2010-03-24 10:42:00,261,0,23.004
2686,16078.0,283.79,1,2010-02-08 13:29:00,305,0,2.8379000000000003
2689,16082.0,106.75,1,2010-02-07 15:16:00,306,0,1.0675
2694,16088.0,1437.43,2,2010-05-13 10:16:00,211,0,14.3743
2696,16090.0,205.91,1,2010-03-25 13:05:00,260,0,2.0591
2709,16109.0,327.6,1,2010-01-10 10:37:00,334,0,3.2760000000000002
2710,16110.0,481.79,1,2010-07-05 13:04:00,158,0,4.8179
2722,16127.0,145.06,1,2009-12-13 12:19:00,362,0,1.4506000000000001
2727,16132.0,664.1999999999999,2,2010-06-13 13:49:00,180,0,6.6419999999999995
2730,16135.0,301.9,1,2010-05-05 09:35:00,219,0,3.0189999999999997
2731,16136.0,237.42,1,2010-02-14 12:49:00,299,0,2.3742
2732,16137.0,422.7,1,2010-01-28 15:04:00,316,0,4.227
2734,16139.0,475.74,2,2009-12-17 11:24:00,358,0,4.7574000000000005
2765,16185.0,115.31,1,2010-05-24 11:04:00,200,0,1.1531
2770,16192.0,351.3,1,2009-12-04 12:28:00,371,0,3.513
2773,16195.0,323.25,1,2009-12-16 14:09:00,359,0,3.2325
2789,16212.0,603.37,2,2010-03-31 12:16:00,254,0,6.0337
2794,16222.0,498.5,1,2009-12-18 14:31:00,357,0,4.985
2829,16267.0,186.66,1,2010-04-27 14:10:00,227,0,1.8666
2832,16273.0,336.03999999999996,2,2010-03-01 13:24:00,284,0,3.3604
2836,16277.0,188.69,1,2009-12-06 11:27:00,369,0,1.8869
2839,16280.0,238.05,1,2009-12-14 15:49:00,361,0,2.3805
2844,16285.0,176.9,1,2010-03-03 16:03:00,282,0,1.7690000000000001
2850,16291.0,117.72,1,2010-01-26 16:26:00,318,0,1.1772
2854,16296.0,1313.67,4,2010-03-23 13:11:00,262,0,13.136700000000001
2858,16301.0,107.33,1,2009-12-03 10:20:00,372,0,1.0733
2860,16304.0,381.66,1,2010-01-14 08:30:00,330,0,3.8166
2867,16315.0,176.34,1,2010-06-21 13:53:00,172,0,1.7634
2869,16317.0,850.86,2,2010-06-07 14:24:00,186,0,8.5086
2871,16321.0,230.9,2,2010-03-23 16:01:00,262,0,2.309
2872,16323.0,146.16,1,2010-05-11 09:48:00,213,0,1.4616
2876,16328.0,310.83,1,2010-05-25 14:02:00,199,0,3.1083
2903,16366.0,1220.83,3,2010-05-06 13:28:00,218,0,12.2083
2912,16377.0,632.28,1,2010-04-01 10:36:00,253,0,6.3228
2920,16388.0,186.05,1,2010-02-24 10:20:00,289,0,1.8605
2921,16390.0,467.5,3,2010-06-21 10:11:00,172,0,4.675
2927,16397.0,127.88,1,2010-03-21 15:36:00,264,0,1.2788
2934,16408.0,231.93,1,2010-04-27 14:08:00,227,0,2.3193
2936,16410.0,130.32,1,2009-12-05 14:51:00,370,0,1.3032
2941,16415.0,509.09000000000003,2,2010-05-05 11:51:00,219,0,5.0909
2945,16419.0,515.1899999999999,2,2010-05-11 12:18:00,213,0,5.1518999999999995
2955,16436.0,329.34,3,2010-02-09 13:19:00,304,0,3.2933999999999997
2957,16439.0,310.70000000000005,1,2009-12-17 14:22:00,358,0,3.1070000000000007
2960,16442.0,282.68,2,2010-04-14 13:35:00,240,0,2.8268
2961,16443.0,162.24,1,2010-07-07 11:57:00,156,0,1.6224
2964,16447.0,516.13,2,2010-04-28 13:21:00,226,0,5.1613
2966,16450.0,1193.81,2,2010-05-04 13:43:00,220,0,11.938099999999999
2967,16451.0,746.1800000000001,2,2010-05-27 17:56:00,197,0,7.4618
2968,16452.0,332.17,2,2010-03-19 12:39:00,266,0,3.3217000000000003
2969,16453.0,251.71,2,2010-06-27 12:46:00,166,0,2.5171
2970,16454.0,24.05,2,2010-04-12 09:52:00,242,0,0.24050000000000002
2974,16459.0,71.78999999999999,1,2009-12-10 12:42:00,365,0,0.7178999999999999
2975,16461.0,1463.8,2,2010-04-28 11:54:00,226,0,14.638
2987,16481.0,453.38,1,2010-01-26 13:09:00,318,0,4.5338
2989,16486.0,134.36,1,2010-06-20 12:16:00,173,0,1.3436000000000001
2990,16487.0,209.4,2,2010-05-11 13:38:00,213,0,2.094
2994,16492.0,385.56,1,2010-06-17 08:20:00,176,0,3.8556
3001,16502.0,266.5,2,2010-03-29 13:44:00,256,0,2.665
3003,16507.0,152.76,1,2010-05-16 12:56:00,208,0,1.5275999999999998
3004,16508.0,248.8,1,2010-03-19 13:41:00,266,0,2.488
3016,16526.0,426.85,1,2010-05-04 16:34:00,220,0,4.2685
3019,16530.0,48.349999999999994,1,2010-02-09 15:30:00,304,0,0.48349999999999993
3022,16534.0,635.9,1,2010-03-07 15:47:00,278,0,6.359
3024,16537.0,23.35,1,2010-03-08 13:41:00,277,0,0.2335
3025,16538.0,399.62,3,2010-06-16 16:59:00,177,0,3.9962
3028,16541.0,424.03,1,2009-12-04 13:22:00,371,0,4.2402999999999995
3030,16543.0,292.21,1,2010-04-27 11:38:00,227,0,2.9221
3034,16547.0,111.71,1,2010-06-11 13:02:00,182,0,1.1171
3035,16548.0,30.15,1,2010-04-19 16:15:00,235,0,0.3015
3049,16564.0,87.8,1,2010-05-19 14:41:00,205,0,0.878
3052,16569.0,1331.03,4,2010-03-18 15:19:00,267,0,13.3103
3057,16577.0,380.0,1,2010-02-11 09:45:00,302,0,3.8
3058,16578.0,156.6,1,2010-03-23 15:11:00,262,0,1.5659999999999998
3062,16585.0,341.59,2,2010-04-25 10:34:00,229,0,3.4158999999999997
3075,16604.0,432.45,2,2010-05-26 09:10:00,198,0,4.3245
3076,16605.0,60.48,1,2009-12-15 19:03:00,360,0,0.6048
3083,16615.0,291.5,1,2010-03-23 15:13:00,262,0,2.915
3086,16622.0,225.4,1,2010-06-14 10:44:00,179,0,2.254
3099,16641.0,323.40000000000003,1,2010-01-07 12:22:00,337,0,3.2340000000000004
3102,16645.0,160.39,1,2009-12-04 09:49:00,371,0,1.6038999999999999
3106,16649.0,306.58000000000004,1,2010-07-07 15:41:00,156,0,3.0658000000000003
3108,16651.0,136.2,1,2010-05-02 11:46:00,222,0,1.3619999999999999
3117,16663.0,165.0,1,2009-12-10 13:12:00,365,0,1.65
3118,16664.0,109.2,1,2010-05-19 17:11:00,205,0,1.092
3119,16666.0,106.96000000000001,1,2010-03-28 15:13:00,257,0,1.0696
3122,16673.0,188.83,1,2010-01-29 14:22:00,315,0,1.8883
3127,16680.0,637.75,2,2010-06-29 14:52:00,164,0,6.3775
3128,16681.0,151.5,1,2010-03-08 14:10:00,277,0,1.515
3129,16683.0,320.25,1,2010-06-24 10:36:00,169,0,3.2025
3137,16694.0,98.30000000000001,1,2009-12-16 15:45:00,359,0,0.9830000000000001
3138,16695.0,193.15,2,2010-05-27 12:36:00,197,0,1.9315
3143,16704.0,695.66,2,2010-03-31 14:02:00,254,0,6.9566
3151,16714.0,368.27,1,2010-02-07 11:17:00,306,0,3.6826999999999996
3152,16715.0,323.8,1,2010-05-26 12:35:00,198,0,3.238
3153,16716.0,1248.48,1,2010-03-19 11:05:00,266,0,12.4848
3164,16731.0,174.05,1,2010-03-01 15:05:00,284,0,1.7405000000000002
3166,16733.0,259.68,1,2010-06-28 10:12:00,165,0,2.5968
3169,16737.0,417.59999999999997,1,2010-05-11 09:53:00,213,0,4.175999999999999
3170,16739.0,463.43,1,2010-06-21 09:38:00,172,0,4.6343
3172,16741.0,173.06,1,2010-03-24 15:15:00,261,0,1.7306
3184,16763.0,352.85,1,2009-12-01 15:26:00,374,0,3.5285
3212,16798.0,848.71,3,2010-06-03 19:01:00,190,0,8.4871
3214,16802.0,582.61,2,2010-01-29 13:44:00,315,0,5.8261
3215,16805.0,636.65,3,2010-05-11 15:03:00,213,0,6.366499999999999
3225,16822.0,181.39,1,2010-01-22 14:22:00,322,0,1.8138999999999998
3232,16831.0,91.8,1,2010-05-24 09:08:00,200,0,0.9179999999999999
3235,16834.0,485.5,1,2010-02-03 14:24:00,310,0,4.855
3238,16838.0,570.76,2,2010-06-27 14:49:00,166,0,5.7076
3240,16840.0,139.85,2,2010-04-15 15:48:00,239,0,1.3984999999999999
3243,16844.0,614.34,2,2010-05-26 10:29:00,198,0,6.143400000000001
3244,16845.0,253.88,1,2010-03-31 13:09:00,254,0,2.5388
3245,16846.0,628.09,2,2010-05-11 13:45:00,213,0,6.2809
3246,16847.0,421.45000000000005,1,2010-03-31 13:32:00,254,0,4.2145
3255,16862.0,662.33,4,2010-06-10 13:05:00,183,0,6.6233
3259,16867.0,76.74000000000001,1,2010-01-19 09:11:00,325,0,0.7674000000000001
3269,16884.0,644.08,2,2010-06-01 12:45:00,192,0,6.4408
3277,16892.0,236.56,2,2010-06-03 15:17:00,190,0,2.3656
3281,16896.0,103.95,1,2010-06-02 15:40:00,191,0,1.0395
3284,16901.0,204.26,1,2009-12-10 16:30:00,365,0,2.0425999999999997
3290,16908.0,252.59,1,2009-12-17 13:35:00,358,0,2.5259
3291,16911.0,255.25,2,2010-03-14 12:18:00,271,0,2.5525
3293,16913.0,310.46999999999997,2,2010-02-26 12:09:00,287,0,3.1047
3296,16917.0,1466.31,1,2010-03-17 15:24:00,268,0,14.6631
3301,16922.0,611.08,1,2010-05-16 11:24:00,208,0,6.1108
3303,16925.0,125.65,1,2010-06-17 15:03:00,176,0,1.2565
3316,16941.0,33.0,1,2010-04-07 11:13:00,247,0,0.33
3317,16943.0,482.76,2,2010-06-18 11:16:00,175,0,4.8276
3318,16944.0,101.36,1,2010-04-09 11:03:00,245,0,1.0136
3331,16964.0,207.85,2,2009-12-06 12:53:00,369,0,2.0785
3332,16970.0,71.4,1,2010-03-23 13:50:00,262,0,0.7140000000000001
3335,16974.0,365.5,2,2010-07-05 10:18:00,158,0,3.655
3338,16978.0,424.55,2,2010-02-11 16:33:00,302,0,4.2455
3362,17009.0,242.06,1,2010-06-06 16:01:00,187,0,2.4206
3363,17011.0,400.8,2,2010-03-02 13:50:00,283,0,4.008
3364,17012.0,384.16,1,2009-12-14 17:34:00,361,0,3.8416
3365,17016.0,552.4,1,2010-05-12 12:32:00,212,0,5.524
3369,17020.0,935.62,2,2010-06-15 13:06:00,178,0,9.3562
3382,17035.0,180.06,2,2010-04-27 14:11:00,227,0,1.8006
3385,17039.0,1954.99,1,2010-04-14 12:56:00,240,0,19.5499
3386,17040.0,13.52,1,2010-06-07 15:08:00,186,0,0.1352
3398,17056.0,128.60000000000002,1,2009-12-01 12:55:00,374,0,1.2860000000000003
3399,17057.0,294.74,1,2010-04-22 19:21:00,232,0,2.9474
3403,17065.0,194.7,2,2010-03-12 11:41:00,273,0,1.9469999999999998
3404,17066.0,228.34,1,2009-12-13 13:24:00,362,0,2.2834
3405,17067.0,454.54,3,2009-12-15 08:39:00,360,0,4.5454
3410,17072.0,282.05,1,2010-03-24 16:33:00,261,0,2.8205
3411,17074.0,203.05,1,2010-05-26 12:04:00,198,0,2.0305
3414,17077.0,306.0,1,2010-05-10 16:36:00,214,0,3.06
3421,17087.0,221.53,1,2009-12-02 10:41:00,373,0,2.2153
3426,17093.0,235.88,1,2010-04-26 10:22:00,228,0,2.3588
3432,17099.0,582.17,1,2010-06-24 16:25:00,169,0,5.8217
3434,17103.0,424.3,1,2009-12-17 14:08:00,358,0,4.243
3438,17108.0,174.95,1,2010-02-14 12:22:00,299,0,1.7494999999999998
3440,17110.0,347.4,2,2010-07-07 12:21:00,156,0,3.4739999999999998
3445,17116.0,389.78,1,2010-03-01 16:29:00,284,0,3.8977999999999997
3451,17129.0,31.85,1,2010-07-07 13:46:00,156,0,0.3185
3456,17136.0,231.68,1,2010-02-15 13:13:00,298,0,2.3168
3468,17151.0,231.90000000000003,1,2009-12-04 14:56:00,371,0,2.3190000000000004
3473,17158.0,713.03,2,2010-06-10 10:38:00,183,0,7.1303
3481,17169.0,320.95,1,2010-05-10 13:00:00,214,0,3.2095
3483,17171.0,159.68,1,2010-02-16 12:02:00,297,0,1.5968
3485,17176.0,596.1899999999999,2,2010-07-01 12:11:00,162,0,5.961899999999999
3487,17178.0,436.71,1,2009-12-08 16:20:00,367,0,4.3671
3492,17184.0,198.41000000000003,2,2010-05-19 14:24:00,205,0,1.9841000000000002
3493,17185.0,229.46,3,2010-04-27 12:15:00,227,0,2.2946
3494,17187.0,263.76,1,2010-07-01 14:38:00,162,0,2.6376
3496,17189.0,573.23,3,2010-05-27 20:11:00,196,0,5.7323
3499,17192.0,77.83,1,2010-06-21 16:07:00,172,0,0.7783
3501,17194.0,549.88,1,2010-06-27 13:16:00,166,0,5.4988
3502,17195.0,562.98,1,2010-02-22 13:05:00,291,0,5.6298
3505,17199.0,145.12,1,2010-05-06 13:53:00,218,0,1.4512
3512,17207.0,303.21999999999997,1,2010-02-25 19:08:00,288,0,3.0321999999999996
3514,17209.0,611.6,3,2010-02-28 16:01:00,285,0,6.1160000000000005
3520,17216.0,65.05,1,2010-06-03 13:03:00,190,0,0.6505
3521,17217.0,104.5,1,2010-03-30 13:35:00,255,0,1.045
3525,17221.0,643.39,3,2010-04-27 10:27:00,227,0,6.4338999999999995
3529,17225.0,131.15,1,2010-05-07 11:38:00,217,0,1.3115
3541,17240.0,130.6,1,2010-04-22 15:44:00,232,0,1.306
3546,17245.0,200.18,1,2010-01-19 15:39:00,325,0,2.0018000000000002
3547,17246.0,38.92,2,2010-06-11 12:36:00,182,0,0.3892
3565,17271.0,210.39,1,2009-12-03 13:49:00,372,0,2.1039
3570,17278.0,25.2,1,2010-05-23 13:49:00,201,0,0.252
3576,17285.0,428.34,2,2010-03-21 13:38:00,264,0,4.283399999999999
3584,17294.0,467.78999999999996,2,2010-02-08 16:12:00,305,0,4.677899999999999
3585,17296.0,338.13,1,2009-12-09 14:01:00,366,0,3.3813
3589,17301.0,132.8,1,2010-03-25 13:16:00,260,0,1.328
3590,17304.0,111.5,1,2010-06-23 16:23:00,170,0,1.115
3591,17305.0,2135.46,1,2010-03-01 12:47:00,284,0,21.3546
3601,17318.0,164.28,1,2009-12-14 13:11:00,361,0,1.6428
3602,17319.0,29.1,1,2010-02-08 15:47:00,305,0,0.29100000000000004
3611,17328.0,104.7,1,2010-02-04 17:11:00,309,0,1.047
3612,17329.0,481.32,3,2009-12-08 16:57:00,367,0,4.8132
3613,17330.0,59.900000000000006,2,2010-06-13 12:34:00,180,0,0.5990000000000001
3624,17344.0,307.54,1,2009-12-11 12:31:00,364,0,3.0754
3631,17352.0,36.25,1,2010-01-12 16:13:00,332,0,0.3625
3635,17356.0,768.25,4,2010-06-03 10:25:00,190,0,7.6825
3637,17359.0,156.6,1,2010-03-01 14:48:00,284,0,1.5659999999999998
3639,17361.0,392.44,2,2010-02-01 14:33:00,312,0,3.9244
3647,17371.0,238.66,3,2010-03-26 14:01:00,259,0,2.3866
3670,17401.0,114.85,1,2010-06-16 16:54:00,177,0,1.1484999999999999
3683,17417.0,164.18,1,2010-06-09 10:00:00,184,0,1.6418000000000001
3698,17437.0,373.17,1,2010-06-28 11:11:00,165,0,3.7317
3700,17439.0,325.74,1,2010-02-22 12:48:00,291,0,3.2574
3701,17440.0,137.16,1,2010-06-08 14:40:00,185,0,1.3716
3702,17441.0,293.35,1,2009-12-07 13:32:00,368,0,2.9335000000000004
3712,17463.0,661.5,2,2010-05-28 10:04:00,196,0,6.615
3713,17464.0,710.98,2,2010-07-05 13:24:00,158,0,7.1098
3720,17472.0,224.81,1,2010-03-21 13:27:00,264,0,2.2481
3722,17474.0,1047.0,1,2010-04-19 10:43:00,235,0,10.47
3724,17477.0,1144.3,2,2010-04-06 10:06:00,248,0,11.443
3726,17479.0,389.26000000000005,1,2010-03-17 09:26:00,268,0,3.8926000000000003
3730,17484.0,209.57,2,2010-05-12 15:41:00,212,0,2.0957
3731,17487.0,160.55,1,2009-12-11 15:06:00,364,0,1.6055000000000001
3732,17488.0,336.5,1,2010-03-08 14:07:00,277,0,3.365
3739,17496.0,1141.84,3,2010-05-25 10:25:00,199,0,11.418399999999998
3741,17499.0,718.51,1,2010-05-27 09:59:00,197,0,7.1851
3749,17514.0,334.18,1,2010-02-08 14:00:00,305,0,3.3418
3758,17529.0,1240.25,2,2010-04-08 17:51:00,246,0,12.4025
3760,17531.0,970.12,2,2010-06-30 12:17:00,163,0,9.7012
3765,17539.0,1226.57,4,2010-04-01 12:07:00,253,0,12.265699999999999
3768,17542.0,170.95,2,2010-03-08 12:17:00,277,0,1.7094999999999998
3769,17543.0,120.05,1,2010-06-08 12:41:00,185,0,1.2005
3779,17557.0,34.0,1,2009-12-07 10:15:00,368,0,0.34
3784,17563.0,392.38,2,2010-05-10 14:54:00,214,0,3.9238
3785,17565.0,131.83,1,2010-05-02 11:54:00,222,0,1.3183
3787,17568.0,382.79,1,2010-03-16 16:45:00,269,0,3.8279
3789,17571.0,205.23999999999998,1,2010-06-15 12:50:00,178,0,2.0524
3791,17575.0,171.7,1,2010-02-10 13:48:00,303,0,1.7169999999999999
3793,17577.0,348.75,2,2010-03-04 13:01:00,281,0,3.4875
3795,17579.0,304.38,1,2010-05-10 14:28:00,214,0,3.0438
3799,17583.0,135.95,1,2010-05-28 14:24:00,196,0,1.3595
3802,17586.0,167.4,1,2010-03-30 13:12:00,255,0,1.6740000000000002
3803,17587.0,181.66,1,2010-03-21 14:16:00,264,0,1.8166
3807,17592.0,148.3,1,2009-12-01 10:49:00,374,0,1.483
3816,17603.0,1398.76,3,2010-04-01 11:51:00,253,0,13.9876
3818,17605.0,160.75,1,2010-04-28 14:45:00,226,0,1.6075
3819,17606.0,87.30000000000001,1,2009-12-02 13:32:00,373,0,0.8730000000000001
3828,17617.0,395.33,1,2010-05-30 12:48:00,194,0,3.9533
3831,17622.0,1130.21,2,2010-04-21 12:36:00,233,0,11.302100000000001
3835,17626.0,254.0,1,2010-04-16 12:15:00,238,0,2.54
3841,17638.0,842.4,2,2010-03-02 14:32:00,283,0,8.424
3848,17647.0,198.6,2,2010-02-08 14:40:00,305,0,1.986
3855,17660.0,163.47,1,2009-12-02 16:02:00,373,0,1.6347
3856,17662.0,412.92,2,2010-02-16 09:38:00,297,0,4.1292
3870,17678.0,301.65,1,2010-04-15 13:54:00,239,0,3.0164999999999997
3873,17681.0,731.2,5,2010-04-21 17:22:00,233,0,7.312
3899,17715.0,163.2,1,2010-04-26 12:17:00,228,0,1.632
3902,17718.0,299.83,1,2010-03-05 08:01:00,280,0,2.9983
3904,17721.0,307.21000000000004,1,2010-02-18 15:18:00,295,0,3.0721000000000003
3909,17729.0,438.65000000000003,1,2010-04-22 15:03:00,232,0,4.386500000000001
3911,17731.0,468.88,2,2010-03-28 12:43:00,257,0,4.6888
3913,17734.0,741.69,3,2010-07-02 10:01:00,161,0,7.416900000000001
3924,17748.0,358.15,1,2010-06-30 13:49:00,163,0,3.5814999999999997
3925,17749.0,351.66,1,2010-06-11 14:56:00,182,0,3.5166000000000004
3935,17763.0,71.15,3,2010-02-24 13:34:00,289,0,0.7115
3947,17778.0,197.70000000000002,1,2010-02-16 12:44:00,297,0,1.977
3948,17780.0,352.91,3,2010-02-10 13:43:00,303,0,3.5291
3951,17784.0,112.86,1,2010-06-07 16:08:00,186,0,1.1286
3954,17789.0,171.25,1,2010-02-16 13:16:00,297,0,1.7125
3957,17794.0,147.3,2,2010-01-22 10:18:00,322,0,1.473
3960,17798.0,183.09,1,2010-05-07 11:42:00,217,0,1.8309
3966,17805.0,414.72,1,2010-04-08 14:36:00,246,0,4.147200000000001
3968,17808.0,262.64,4,2010-06-09 10:44:00,184,0,2.6264
3970,17810.0,374.81,2,2010-02-09 10:47:00,304,0,3.7481
3977,17818.0,130.18,1,2009-12-02 11:34:00,373,0,1.3018
3983,17825.0,731.96,4,2010-04-20 12:01:00,234,0,7.3196
3985,17827.0,392.59,1,2010-03-28 12:20:00,257,0,3.9259
3987,17833.0,342.36,1,2009-12-16 13:40:00,359,0,3.4236
3992,17842.0,430.69,1,2010-04-16 14:23:00,238,0,4.3069
3994,17845.0,598.19,4,2010-06-02 15:20:00,191,0,5.9819
4020,17875.0,167.1,1,2010-01-20 15:30:00,324,0,1.671
4023,17880.0,366.0,2,2010-03-10 12:39:00,275,0,3.66
4025,17883.0,324.08,3,2010-06-18 16:40:00,175,0,3.2407999999999997
4033,17901.0,149.7,2,2010-07-06 11:05:00,157,0,1.4969999999999999
4034,17902.0,216.39999999999998,1,2010-06-11 12:25:00,182,0,2.1639999999999997
4037,17907.0,291.76,1,2010-03-09 12:33:00,276,0,2.9175999999999997
4039,17909.0,132.55,1,2009-12-02 13:10:00,373,0,1.3255000000000001
4040,17910.0,261.7,1,2009-12-13 16:04:00,362,0,2.617
4043,17915.0,242.13,1,2010-06-06 13:22:00,187,0,2.4213
4044,17916.0,43.87,2,2010-03-21 12:26:00,264,0,0.4387
4049,17922.0,170.4,1,2010-06-14 16:32:00,179,0,1.704
4050,17923.0,289.5,2,2010-06-30 13:41:00,163,0,2.895
4054,17927.0,294.0,1,2009-12-18 11:03:00,357,0,2.94
4055,17928.0,128.7,1,2010-05-17 15:30:00,207,0,1.287
4059,17933.0,114.69,1,2010-03-17 15:11:00,268,0,1.1469
4064,17941.0,1128.72,3,2010-04-28 09:23:00,226,0,11.2872
4066,17945.0,360.35,3,2010-01-12 11:40:00,332,0,3.6035000000000004
4071,17953.0,160.82,1,2010-06-17 15:08:00,176,0,1.6081999999999999
4073,17955.0,392.6,2,2010-02-22 11:22:00,291,0,3.926
4074,17958.0,465.42,1,2009-12-11 15:37:00,364,0,4.6542
4075,17959.0,140.75,1,2010-04-26 14:12:00,228,0,1.4075
4076,17960.0,61.300000000000004,2,2010-07-05 09:56:00,158,0,0.613
4078,17962.0,584.59,3,2010-06-08 16:24:00,185,0,5.8459
4082,17966.0,875.99,5,2010-04-27 10:14:00,227,0,8.7599
4086,17971.0,161.94,1,2010-06-09 14:04:00,184,0,1.6194
4094,17982.0,138.18,1,2010-01-28 09:38:00,316,0,1.3818000000000001
4101,17991.0,227.2,1,2010-04-27 12:46:00,227,0,2.272
4103,17993.0,235.19,1,2010-04-01 14:23:00,253,0,2.3519
4109,18000.0,124.25,1,2010-05-24 17:34:00,200,0,1.2425
4118,18012.0,115.3,1,2009-12-16 13:16:00,359,0,1.153
4122,18020.0,190.48000000000002,1,2010-06-14 12:31:00,179,0,1.9048000000000003
4127,18028.0,192.05,1,2010-05-05 13:28:00,219,0,1.9205
4128,18029.0,433.77,1,2010-03-07 15:30:00,278,0,4.3377
4134,18038.0,149.41,1,2010-06-01 15:59:00,192,0,1.4941
4137,18042.0,116.1,1,2010-06-16 10:53:00,177,0,1.161
4140,18046.0,189.63,1,2010-02-28 11:36:00,285,0,1.8962999999999999
4147,18053.0,271.05,2,2010-07-02 11:42:00,161,0,2.7105
4150,18056.0,190.95,1,2010-03-31 12:29:00,254,0,1.9095
4152,18058.0,603.9,2,2010-06-16 13:45:00,177,0,6.039
4161,18070.0,314.1,1,2010-02-08 13:28:00,305,0,3.141
4175,18091.0,360.85,1,2010-04-25 13:18:00,229,0,3.6085000000000003
4183,18100.0,451.56,1,2010-06-07 14:19:00,186,0,4.5156
4186,18103.0,105.8,1,2010-06-08 13:36:00,185,0,1.058
4189,18108.0,577.8100000000001,2,2010-04-22 09:38:00,232,0,5.7781
4192,18111.0,405.85,1,2010-04-29 12:58:00,225,0,4.0585
4195,18115.0,9.700000000000001,1,2010-01-11 11:57:00,333,0,0.09700000000000002
4202,18128.0,420.04,1,2010-06-20 13:19:00,173,0,4.2004
4203,18131.0,222.95999999999998,1,2010-03-18 08:48:00,267,0,2.2295999999999996
4205,18134.0,445.0,2,2010-04-20 14:02:00,234,0,4.45
4208,18137.0,145.99,2,2010-06-06 14:18:00,187,0,1.4599000000000002
4213,18148.0,114.10000000000001,1,2010-03-03 11:40:00,282,0,1.141
4216,18152.0,426.69,1,2010-03-03 15:26:00,282,0,4.2669
4217,18153.0,246.22,1,2010-02-18 15:50:00,295,0,2.4622
4220,18157.0,215.35,1,2010-05-17 14:09:00,207,0,2.1534999999999997
4223,18162.0,379.16,1,2009-12-07 13:24:00,368,0,3.7916000000000003
4224,18163.0,728.84,1,2010-05-04 14:51:00,220,0,7.2884
4225,18166.0,175.5,1,2010-03-26 12:26:00,259,0,1.755
4230,18173.0,589.52,1,2010-04-06 10:43:00,248,0,5.8952
4231,18174.0,58.5,1,2010-04-15 12:17:00,239,0,0.585
4232,18175.0,176.1,1,2010-02-02 10:25:00,311,0,1.761
4233,18177.0,875.45,3,2010-05-28 12:38:00,196,0,8.7545
4235,18179.0,754.38,2,2010-07-05 10:48:00,158,0,7.5438
4238,18186.0,329.58,1,2009-12-17 10:22:00,358,0,3.2958
4239,18187.0,724.89,1,2010-03-18 09:49:00,267,0,7.2489
4241,18189.0,313.49,1,2010-03-24 09:57:00,261,0,3.1349
4242,18190.0,461.16,3,2010-04-15 09:45:00,239,0,4.6116
4248,18197.0,230.1,1,2010-05-13 10:46:00,211,0,2.301
4249,18199.0,344.75,1,2010-01-25 11:32:00,319,0,3.4475
4250,18201.0,447.53000000000003,1,2009-12-17 08:55:00,358,0,4.475300000000001
4252,18206.0,314.65999999999997,1,2010-06-04 13:47:00,189,0,3.1466
4254,18208.0,360.08,1,2010-05-23 11:54:00,201,0,3.6008
4256,18212.0,298.3,1,2010-01-31 14:42:00,313,0,2.983
4260,18218.0,479.91999999999996,2,2010-04-22 12:38:00,232,0,4.7992
4271,18234.0,179.6,1,2010-06-06 11:22:00,187,0,1.796
4280,18246.0,162.72,1,2010-04-09 10:19:00,245,0,1.6272
4284,18253.0,317.88,1,2010-03-07 12:38:00,278,0,3.1788
4285,18254.0,267.9,1,2010-05-07 14:37:00,217,0,2.679
4295,18267.0,269.37,1,2010-02-05 08:43:00,308,0,2.6937
4299,18271.0,680.85,2,2010-04-09 09:26:00,245,0,6.8085
4301,18273.0,153.0,1,2010-04-28 12:24:00,226,0,1.53
4302,18275.0,741.85,2,2010-05-10 15:46:00,214,0,7.4185
4306,18279.0,231.33999999999997,1,2010-07-08 14:48:00,155,0,2.3133999999999997
4308,18281.0,120.32,1,2010-05-11 10:49:00,213,0,1.2031999999999998
4311,18285.0,427.0,1,2010-02-17 10:24:00,296,0,4.27
